"row","username","password","email"
1,telescope,pVNFrYn6WMc1,iona_paulinmq@draw.nt
2,burton,WUsTHc1BSleIBwUuvi7,vincente_levitthx@submissions.cjw
3,longest,CtjSOJvOqfIn2dfChJm6,antwine_abdullahczwy@caribbean.sgw
4,chrome,Nprx6QAhzbaVChKn,conner_lintonlx@oldest.xsb
5,brochures,szz12AyzDPGlSDbO8qERUG50,sahra_reinosog@extends.ww
6,emails,PSYqRlPNtJdXKVZg,laurencio_himesd@marc.lcz
7,invisible,iqFPFl5TBz,jamail_stanley72sm@pope.wp
8,revelation,l3N3inIJGGamIwWG,lichelle_wooden80a@hunger.jku
9,exposed,sA5ebFafqr6wifUzQE,kuulei_mahoodz@count.ln
10,languages,wS7X9QJ0Ii5j6,carin_incei8@theorem.tg
11,securely,zlK2kWE87NZoQI7s,xzavier_barstow6wx@himself.rdd
12,burst,wy9heuEqUTZLLr3e0XWuy2g1,trell_elliotg24j@anatomy.jsc
13,stylus,r1F25V3pxbN,jami_nutterq@jam.cup
14,collecting,eRI5zIlUd4wSrT6WuW9a,laquiesha_durrette@brokers.ir
15,law,GwxWPn7ZXgTvcHCOT7Ob,jermaine_sorrellswp@finished.nd
16,agreement,3FJ7eoVML7QIMTC5YYBkpw,latrece_simardyf1e@sticks.kyf
17,hanging,oQqBpHMlYXVxwoR2rgVYWAgk,lawrence_brownlee52@bond.xg
18,shipments,28L5CYLoIz4PjEKPkmS,shaquana_steffesk@firewall.lkv
19,airline,O867bFM4X8cOX0q5h0bOG,kendyl_deyo@function.iqq
20,foul,sRzAWyoeTiRs6,nickolas_smalleyuhdo@pricing.sny
21,methodology,yI1WfcftxmFoITaQ16S5UkC,gavriel_fickbvld@casting.okq
22,depends,eDzwqZve3uZN,terrail_hodnettks19@he.lyp
23,catering,5pGgifkHfhK1wTD,deandre_gadboisuz@cube.chk
24,lower,72ttkfVavmmKhji,zackry_rasmussendq@jack.ox
25,viewing,H9Ilg4RPnhKG,piers_bognerud@moses.zp
26,bin,MqtlJSDryDltHzMz9hRVd,cacia_rowanx@equally.fw
27,engineering,iUi2dAiE3emjjRnvNNwqM,katiann_deleobx4t@absorption.zq
28,reviewer,N83QisJS9Foe1bKpzVrrK,haig_nebletty3ax@incoming.cdh
29,shell,MlAAGnHwJR5sQ1j,mehran_gowdyz@amd.zgj
30,crown,pTL6YuNkc2IRQ2GJ3D,shaana_northernm@teens.zj
31,brokers,5u9W86XRKg2w2lWD88Y5B,keeley_politesq@mask.rah
32,uniform,lVxWpnd4VeJI,amilia_oatesl@submitted.hhp
33,blocks,6CDkzvn1VKDW,abbas_cernacx9@economy.ok
34,widespread,8mTP8bW7NIt,turquoise_headrickb@ended.efv
35,opposite,2oONHAGpxq9SWnLxVcoF,ruthann_herrerawsb@lawsuit.cju
36,case,RiR7JZDKFqg,venetta_lassv@equivalent.qh
37,conjunction,eyB7fKDxmePXS7N0yCpDPm4,johnnetta_wylliessp@interest.oa
38,automatic,hFauyf8b4U3JcXekSC3T,adler_spikeskvb4@colleagues.xkp
39,strengths,LqAJgkwIcHqQhxqky,latisia_abshire57@ended.au
40,chemicals,qKXOLXvlkTe9puLxJJ9N,kenard_shackleforde@custom.dt
41,arthur,t95RDQpWUgSghBcDQClA,deondrae_champagne6@honor.frv
42,ebooks,TOwAGmuxuXiURE62srFB,zenaida_ottonvq@choose.hpe
43,qualification,JaH0orc00pqVS,artina_masterflj@pie.ov
44,links,0G36juUsm8eDZg12CUK,jeron_hoffmannmekx@authorities.mi
45,saint,0DF9i3Rj16HRKOx8gE,avia_deslauriersr@province.rxf
46,monsters,ntllKp7e2lJ8,kayna_blackwelln2@distributors.epq
47,output,DSBfrPCnpcvfCh,chariti_foretznau@sleep.yg
48,brochure,LunJLfzcyP,jovonna_wardlee@void.td
49,redhead,v1Be1t5YkzlpSnpgF6F42fWe,herman_hollomanwy5@raise.yeo
50,suffered,DJGvclMjSSIJxLJl1ZulSV8q,kaye_recordsaa@bus.fde
51,destinations,RWodA5LEDi4Cu980gTf,alaine_madsenfa@sorry.us
52,practices,QOGLXYwoIJ0l6,ta_agostiniz@chair.gnv
53,announce,HmNv2Ooh4u5uFMJPVF,nichlos_fraileyouii@hint.un
54,absence,N8xkFu7d03SkQ5AX,kavin_tatomfdz@peripheral.smy
55,hardwood,11ltS91jxGME,mel_sherryaio@potatoes.iz
56,brussels,Zl4cP64Qci1dAVIID,broc_bomanf@swing.eb
57,pharmacology,w4blfgcNwV,heng_solario7@belarus.xdo
58,praise,Xl0Q6PorsihlPjuVn,eldrick_boyercfv@episodes.itk
59,pig,LoKDRXCazURWXZG4n5oKx,karoline_sweitzero@nokia.av
60,telecommunications,vvk1h59odqTiw9IhzN3pNe,whit_giordanoql@documented.szt
61,tiger,6S0xvzGYo8W3Nz3tmAv1RI,brittnye_minickzjn@serious.ej
62,stomach,WTazPcb9zEgYn,kendale_hand3npr@benjamin.zjn
63,oh,23bDhaVrGQbLo,bobbi_fewz9x@stocks.ujd
64,or,sRvjZmHbASd,jontae_barnhartdxjv@foundation.ss
65,located,lDFeDvLMQ1zz9U,shalon_pence5@alien.rs
66,savannah,F2cTDNwteU1r9W6H5E8J,eian_heinezp@donor.xzl
67,persian,VpjZbdrNEPrTma9KoDxh,shemeka_schwartzn@married.ep
68,possess,KDV9u3trBDwY3Z65IbO,oliva_ulloa9@dale.pr
69,home,NinRk6zWS6hIhfr1U9zCu,takera_lahticw@queens.hkp
70,skirt,8vtgh5AkGPohZAc40HfVOu3,thi_vereenvg@alternate.kgq
71,infection,TYhNmMsXTjdus6uNG8IH0vNR,valena_buffordna@suffer.kuj
72,seniors,whFCEiLUwQdzaiXw,keah_gillisecxf@shipped.nfw
73,grateful,mcWRalL1Wgn8e2T,lenin_bargasii@gathered.frg
74,sleeps,xaBM8ypZeXEwziqrW,holt_bushluk@stood.jw
75,johns,wsij08LTiPCPMngfSIKofwi,mindie_donatix@tones.yoe
76,matched,o8OfMMFja5lw6HBkh,raynard_reiter3bu@charlie.ic
77,zealand,Vamd8XCiaFJHziTkPT8K,david_skipperlwr@suspension.mnf
78,opinion,pVcjShNGbLsSkqkc,micha_blackstockztg1@memphis.ej
79,tickets,XHmCn8ilMDdNpiJzS5N1,milford_wotringqkh@able.ybc
80,subsection,AeyW669Ggo8jfzA,shenica_guytonrf@birthday.uw
81,univ,b6hRgFnUBH3UQD,amalia_mcelveen6t@earning.ngt
82,hero,7ylsNgmp5EJ3nzWy5TVBmGLz,darrian_burgan6@operation.jhb
83,related,QDJuqtEiPMtV,avigdor_highbnyo@pac.avn
84,gossip,oYYZIn7FdlMAnH1yHKrvIIdq,fabiana_mcgradycki@poverty.dsv
85,curve,fQp4PEzljcQWtkhye,mickeal_michalakbgez@bermuda.ye
86,framework,OWqDFWIALiYTgwvDDKm9,develle_painterr@adapters.nsx
87,bones,HQrCIjookUyqNauZW,jerimy_melopdyd@verizon.iz
88,filters,jAeCtCfel4DW2rsvq0QkKvwr,quentisha_weeden4@informative.tul
89,poison,8egojXqTa5Bisq2tzAH,tyrell_boldens@magic.ays
90,potatoes,efjcbLitTg1X387o,jacklyn_donegancz@phantom.pv
91,figures,10EzJrm4NipLUUbmIC40bH,siobhan_herrmann8@stocks.kd
92,retired,4XKuVkmOHOrEnucmGUwytBnm,trenisha_morelli6@editorials.il
93,satin,KJJSUjwV9SPFsXWj,graig_rowlesb@boats.aun
94,suffered,E8EYa3GS8w,sanovia_weinsteinn3qc@adapters.hzu
95,salem,ofoFjAzOjCjtzqoBxmIi4,cressie_louis1@signing.mp
96,presented,BEhnsxOjeuCo44XzTi0a,corri_laughterbu@jenny.umu
97,negative,1kjLadL5ZOzG,katlynn_bakos5o@determining.rxa
98,ladies,BpYsgpLgGeqMfGyenCte,elva_carringtoniuu@bend.pu
99,vote,wvQl4MZuBvNg36r33rWSdmD,jamiel_rosen7fwq@specified.phw
100,wrist,NiXpMGd2xSNCatpH9WXam,marquez_packardaj@offshore.bq
